race_name,date,location,distance_km,total_participants
Local 5K Race,2024-03-01,Central Park,5.0,150
Alice Johnson,1,1234.5,1,1,Women,1235.2
Bob Smith,2,1345.2,2,2,Men,1346.1
Carol Davis,3,1456.3,3,3,Women,1457.2
David Lee,4,1567.8,4,4,Men,1568.5
Emma Wilson,5,1678.9,5,5,Women,1679.8
Frank Brown,6,1789.2,6,6,Men,1790.1
Grace Taylor,7,1890.5,7,7,Women,1891.4
Henry Martinez,8,2001.3,8,8,Men,2002.2
Iris Anderson,9,2112.7,9,9,Women,2113.6
Jack Thompson,10,2223.9,10,10,Men,2224.8
Kelly White,11,2334.5,11,11,Women,2335.4
Leo Harris,12,2445.2,12,12,Men,2446.1
Maya Garcia,13,2556.8,13,13,Women,2557.7
Nathan Clark,14,2667.3,14,14,Men,2668.2
Olivia Lewis,15,2778.9,15,15,Women,2779.8
Paul Robinson,16,2889.4,16,16,Men,2890.3
Quinn Walker,17,2990.1,17,17,Women,2991.0
Ryan Young,18,3101.6,18,18,Men,3102.5
Sophie King,19,3212.3,19,19,Women,3213.2
Thomas Scott,20,3323.7,20,20,Men,3324.6
Uma Green,21,3434.2,21,21,Women,3435.1
Victor Bell,22,3545.8,22,22,Men,3546.7
Wendy Cruz,23,3656.4,23,23,Women,3657.3
Xavier Rivera,24,3767.9,24,24,Men,3768.8
Yasmin Edwards,25,3878.5,25,25,Women,3879.4
Zachary Collins,26,3989.2,26,26,Men,3990.1
Anna Morgan,27,4100.7,27,27,Women,4101.6
Benjamin Rogers,28,4211.3,28,28,Men,4212.2
Charlotte Peterson,29,4322.8,29,29,Women,4323.7
Daniel Cooper,30,4433.4,30,30,Men,4434.3
